Selene,Goult,Female,12443,United States
Prisca,Pinnijar,Female,50683,Sweden
Dorris,Gutridge,Female,99808,Venezuela
Zachary,Eacott,Male,102440,Sri Lanka
Virge,Pfaffel,Non-binary,182713,Argentina
Maggee,Boggers,Female,185012,China
Yuma,MacAskill,Male,197019,France
Celia,Keling,Female,230422,Mexico
Heddie,Cossey,Female,243554,China
Marcello,Rofe,Male,245631,China
Laina,Mordie,Female,363535,Brazil
Essa,Strover,Female,365403,Cameroon
Gherardo,Heathorn,Male,385668,Mexico
Tiler,Coalbran,Male,413102,Bangladesh
Cam,Moyles,Male,442406,China
Valdemar,Foxton,Male,488376,Indonesia
Orville,Humbert,Male,557596,Indonesia
Anastassia,McMyler,Female,562969,Canada
Herby,Jozef,Male,609365,Brazil
Farlay,Hilling,Male,648535,Russia
Caroljean,Bleue,Female,659060,China
Kennett,Lambeth,Male,669192,France
Elva,Caswall,Female,669646,Philippines
Scarlet,De Filippi,Female,710688,Tunisia
Filmore,Wigglesworth,Male,736594,Russia
Abdul,Cranham,Male,756774,Afghanistan
Ambros,Currall,Male,806375,China
Rachele,Takkos,Female,833872,China
Mame,Goodlife,Genderqueer,845733,Croatia
Hamil,Stodit,Male,884099,Sweden
Harli,Vivash,Female,928550,China
Karena,Heskins,Female,937219,Brazil
Colver,Crippill,Male,937931,Japan
Sydney,O'Fearguise,Male,993472,Colombia
Prent,Colvine,Male,1118752,Mexico
Tory,Weblin,Female,1218449,China
Mabel,Ricardou,Bigender,1304889,Philippines
Xever,Stemp,Male,1320916,Philippines
Karl,McLaggan,Male,1401800,Thailand
Henrie,Prester,Non-binary,1454602,China
Cordelie,Gannicott,Female,1457246,Czech Republic
Butch,Linkie,Male,1461910,France
Marguerite,Danielis,Female,1474324,United States
Nigel,Kassel,Male,1502062,Indonesia
Danya,Corker,Female,1568814,Philippines
Frannie,Ellingford,Male,1639929,Nicaragua
Aldon,Franseco,Male,1666470,Brazil
Boy,Patershall,Male,1678922,Thailand
Georgette,Tatchell,Female,1686558,China
Pat,Ginley,Female,1711251,Indonesia
Dulcia,Pinke,Polygender,1770625,United States
Gaynor,Trice,Female,1772753,Russia
Jack,Paxeford,Male,1909050,Thailand
Doris,Graham,Genderfluid,1952088,China
Phillip,Sennett,Male,2034107,Poland
Melamie,Hailston,Genderfluid,2050286,Indonesia
Lane,Pollins,Female,2059314,Thailand
Deedee,Brennon,Genderqueer,2062111,Brazil
Lonna,Hambridge,Female,2072868,Indonesia
Pennie,Mansion,Male,2109645,South Korea
Geoff,Stratten,Male,2144750,Vietnam
Vittorio,Bernardin,Male,2147900,China
Allister,Endrici,Male,2173442,China
Ric,Renol,Male,2197535,Sweden
Wilfrid,Millbank,Male,2278096,Russia
Devinne,Jost,Female,2332978,Poland
Chaim,Odger,Male,2342875,Indonesia
Arther,Bakster,Male,2359135,Russia
Bertha,Eric,Female,2377302,Madagascar
Pier,Lovell,Female,2387465,Poland
Jacqueline,Churchyard,Female,2467756,China
Catina,Owbrick,Female,2473579,Russia
Hussein,Giorgione,Male,2479557,Thailand
Briano,Vampouille,Male,2480872,Georgia
Giacopo,Gytesham,Male,2543237,United Kingdom
Stormy,Bortolotti,Female,2591906,Canada
Shell,O'Donoghue,Female,2601462,Peru
Gilburt,Andren,Male,2606814,Indonesia
Danny,Gonnel,Female,2615673,China
Wald,Brimham,Male,2670584,Comoros
Elfrieda,Hunnisett,Female,2690945,Sweden
Michail,Challender,Male,2733317,Panama
Creigh,Farryann,Male,2738686,Niger
Elsy,Eustis,Female,2792342,Indonesia
Emeline,Mayhew,Female,2800534,Indonesia
Adda,Davidy,Female,2802409,Sweden
Blakeley,Gallichan,Female,2840193,Indonesia
Walther,Covert,Bigender,2877673,China
Vinni,Malin,Female,2884358,Japan
Cosmo,Branchflower,Male,2889852,Argentina
Sunny,Hubery,Male,2896668,China
Elfreda,Briddle,Female,2990791,Russia
Morena,Rosenbaum,Female,2992910,Indonesia
Jacky,Pendle,Male,3000190,China
Alie,Strattan,Female,3070163,Portugal
Viole,Dossit,Female,3072770,Indonesia
Gina,Keigher,Female,3093536,United States
Norby,Block,Male,3148255,Indonesia
Corly,Darey,Female,3174336,France
Bendick,Gaskoin,Male,3183980,Portugal
Ivette,Carnalan,Agender,3210807,Belarus
Sansone,Belt,Male,3239663,Indonesia
Gale,Avrahamian,Male,3241201,China
Thedrick,Wivell,Male,3281151,China
Rik,Hawkswood,Male,3480370,Kyrgyzstan
Linc,Pechard,Male,3499776,Portugal
Willdon,Iacoviello,Male,3656883,Indonesia
Carie,Scatchard,Female,3657789,United States
Courtnay,Coulthard,Genderfluid,3729568,Albania
Leese,Hansmann,Female,3754204,Russia
Martita,Handscomb,Female,3826245,China
Northrup,Andrejevic,Male,3831701,Colombia
Sosanna,Yushankin,Non-binary,3908683,China
Hal,Mead,Male,3911227,China
Ryan,Archibold,Male,3947631,Philippines
Willow,Santhouse,Female,3961878,United States
Orion,Acklands,Male,3983042,Indonesia
Allyn,Klauer,Female,4006865,Colombia
Rina,Kightly,Female,4014496,United States
Heather,Burnage,Female,4016386,Bangladesh
Hervey,Inchbald,Male,4104502,Philippines
Dusty,Cassels,Female,4105616,Afghanistan
Boone,Ogborn,Male,4122642,Chile
Scarlett,Johnsson,Female,4131686,Serbia
Kristoffer,Koomar,Male,4180152,Indonesia
Blancha,Lomas,Female,4184802,Austria
Broddy,Adrienne,Male,4225692,Brazil
Helen-elizabeth,Corkell,Bigender,4251364,China
Brana,Lorraine,Female,4256674,Philippines
Pippa,Bredbury,Female,4362220,Hungary
Mahmoud,Wyeth,Male,4363511,Zambia
Andra,Mossop,Female,4385791,Philippines
Orrin,Grutchfield,Male,4405947,Mexico
Lyndsie,Messham,Genderfluid,4446231,Mongolia
Maddy,Jennaroy,Female,4453988,South Africa
Alano,Ethelstone,Male,4461316,Macedonia
Rod,Shayes,Male,4476697,China
Tedmund,Fishly,Male,4556554,Indonesia
Cory,Andreasen,Male,4558506,Sweden
Jayme,Whayman,Female,4574770,Serbia
Orson,Garfield,Male,4595461,Portugal
Maddy,Urien,Female,4640884,China
Eldridge,Ison,Male,4641333,Morocco
Carolyn,Bonelle,Female,4646329,Finland
Margaret,Lippini,Female,4676924,Ivory Coast
Bekki,Micklewright,Female,4705423,Russia
Maddy,Righy,Male,4754113,Czech Republic
Dolorita,Culbert,Female,4778488,Indonesia
Gilda,Bramich,Female,4783506,Philippines
Leann,Spini,Female,4794034,Tanzania
Steffane,Boult,Female,4836302,Brazil
Fletch,Pennell,Male,4843125,Sweden
Alexia,Facchini,Female,4856211,Philippines
Lauritz,Dukesbury,Male,4886205,Peru
Donny,Kellough,Female,4900434,Serbia
Bertrand,Bearcroft,Male,5001402,Bolivia
Tani,Adnam,Female,5041984,France
Shelton,Toffoloni,Male,5065212,Germany
Sherwin,Dack,Male,5072545,Peru
Dominik,Brogioni,Male,5079461,Ukraine
Tami,Zisneros,Female,5140872,Ireland
Ollie,Greatbank,Female,5145347,Indonesia
Rodd,Bartolomeo,Male,5251087,Sweden
Jodi,Garbutt,Female,5280928,China
Jilly,Rebeiro,Female,5333628,Brazil
Chelsie,Corthes,Female,5358583,China
Isa,Devin,Female,5372604,Bosnia and Herzegovina
Renie,Domenici,Female,5376792,Nigeria
Emmalynne,Hawsby,Female,5398110,Guatemala
Ethelbert,Chetwin,Male,5408611,Croatia
Silvia,Mapston,Female,5436765,Philippines
Weber,Ennals,Male,5490804,Greece
Leonanie,Dible,Female,5558124,Costa Rica
Millard,Balsdone,Male,5576211,Poland
Broddy,Heinsen,Male,5590626,Indonesia
Olenolin,Foss,Genderfluid,5642479,Indonesia
Nadeen,Forsyde,Female,5648532,China
Moishe,Trenaman,Male,5714976,China
Irwin,Maffin,Male,5777201,Slovenia
Joellyn,Marginson,Female,5785170,Indonesia
Petr,Barde,Male,5805258,Indonesia
Ilario,Caltun,Male,5824521,Philippines
Bird,Tookill,Agender,5913544,Poland
Jo,Milby,Male,5947249,Colombia
Winni,Jereatt,Female,5952651,Philippines
Persis,Haddow,Female,5980368,Spain
Ginger,Drust,Genderqueer,5983909,China
Shirlene,Humbey,Female,6024678,Colombia
Rosmunda,Delacote,Female,6069739,Mozambique
Rois,Bullant,Female,6111484,Ukraine
Gabriellia,Wasselin,Genderqueer,6142403,France
Fernandina,Beaney,Female,6251937,China
Corry,Quartly,Genderqueer,6318432,Vietnam
Noble,Bowmaker,Male,6325225,Japan
Damon,Tabrett,Male,6358327,Russia
Diane-marie,McGuiney,Female,6386157,China
Cy,Piquard,Male,6398533,Cuba
Euell,Tivenan,Male,6401137,Burundi
Clary,Sancias,Female,6404378,Peru
Cayla,Brounfield,Female,6458264,China
Verina,Tour,Female,6515128,France
Eugenio,Stenbridge,Male,6566301,Malaysia
Thorsten,O'Donoghue,Male,6583133,Portugal
Winston,Tesmond,Non-binary,6617062,China
Alasteir,Duckham,Male,6674282,Poland
Noah,Sandland,Male,6700739,Russia
Joanna,Kilbee,Female,6708297,Poland
Freddi,Pauncefort,Female,6744551,Namibia
Christie,Aldine,Female,6806609,Philippines
Olly,Vashchenko,Male,6820107,Burkina Faso
Tuck,Heliar,Male,6839948,Myanmar
Cherie,Dolley,Female,6844987,Poland
Major,Dunlap,Male,6963549,Philippines
Geordie,Ivanovic,Male,6974127,Greece
Angie,Chill,Female,6974909,Pakistan
Baron,Aires,Male,6995367,Argentina
Augusto,Noir,Male,7008128,Philippines
Godard,Lafflin,Male,7059281,China
Lenee,Howard,Female,7095632,Brazil
Petrina,Etoile,Female,7201455,Chile
Arnaldo,Rising,Male,7202671,China
Jerrie,Cotherill,Polygender,7208050,Sweden
Kimberlyn,Naisby,Female,7291917,Syria
Rosa,Tavernor,Female,7358751,Guatemala
Dionis,De Malchar,Female,7360602,China
Alisa,Jorez,Female,7386836,Colombia
Annora,Castagna,Female,7398152,Slovenia
Stanly,Fillgate,Male,7415952,Yemen
Valentijn,Crook,Male,7425976,China
Viviene,Caesmans,Female,7445718,Pakistan
Bessie,Harborow,Female,7448973,Indonesia
Godiva,Buxy,Female,7458810,Philippines
Chrysler,Youel,Female,7476171,China
Lynne,Brisley,Genderqueer,7512341,Czech Republic
Leonhard,Gasken,Agender,7559030,Philippines
Brynn,Matveyev,Female,7559322,Poland
Genny,Merioth,Female,7561417,China
Delcina,Fillimore,Female,7573743,Czech Republic
Inigo,Sessions,Male,7618601,China
Vasily,Snewin,Male,7646715,Colombia
Meryl,Lees,Male,7697542,Indonesia
Winnie,O'Flannery,Female,7702690,Germany
Dennie,Ambrozik,Male,7711721,China
Marni,Rushman,Female,7806672,Sweden
Shandy,Rowland,Female,7956159,Portugal
Crysta,Buckerfield,Female,7974725,Indonesia
Addie,Cherryman,Male,7981155,Indonesia
Gerhardt,Camlin,Male,8004968,Japan
Clevey,Kiljan,Male,8036029,Philippines
Templeton,Keling,Male,8047403,China
Micheal,Degnen,Male,8144097,China
Bud,Berard,Male,8149721,Indonesia
Terrill,Meriet,Male,8156499,Germany
Joaquin,Sherbourne,Male,8199487,Russia
Kinnie,Dreier,Male,8214984,Morocco
Constantin,Styant,Male,8228159,Bangladesh
Baxy,Newarte,Male,8236651,Venezuela
Sabrina,Aspenlon,Female,8278643,France
Merrill,Najara,Female,8300532,United States
Mela,Stanmore,Female,8310409,Greece
Bobbie,Dexter,Female,8318890,Argentina
Gannon,Ruane,Male,8334807,Russia
Derick,Penvarden,Genderqueer,8337983,Rwanda
Eva,Tripcony,Female,8351509,China
Marve,Colleymore,Male,8374559,Philippines
Kally,Catlow,Female,8383876,Yemen
Junia,Paine,Female,8424703,France
Aluino,Weatherill,Male,8451142,Venezuela
Krista,Vedikhov,Female,8453846,Indonesia
Perkin,Loyndon,Male,8576401,Mongolia
Mara,Cundict,Female,8604102,Russia
Henka,Press,Female,8714297,Thailand
Anastasie,Sondland,Genderqueer,8774541,Yemen
Neall,Hadye,Male,8789782,Uzbekistan
Neddy,Debling,Male,8821638,France
Derick,Cleobury,Male,8858037,Indonesia
Wald,Watford,Polygender,8869233,Venezuela
Elli,Jammes,Agender,8951809,Paraguay
Lane,Diboll,Non-binary,8954641,Greece
Mariam,Dethloff,Female,8969376,China
Robinson,Lukacs,Male,8997627,Iran
Nicol,Begin,Polygender,9019184,United States
Puff,Ollerton,Male,9042598,Russia
Hinze,Whaley,Male,9075014,United States
Coletta,Bartol,Genderfluid,9182076,United States
Bliss,Geratasch,Female,9183045,Albania
Fitzgerald,Pattlel,Male,9207570,Pakistan
Winston,Hamments,Male,9267581,Brazil
Coleman,Ohanessian,Male,9288408,China
Patrick,O'Hingerty,Male,9375907,Vietnam
Lesly,Dufer,Female,9387046,Greece
Roberta,Holme,Female,9418562,Portugal
Jermain,Forrestor,Genderqueer,9429012,Micronesia
Pru,Coch,Female,9429590,Philippines
Binnie,Morrilly,Female,9498160,Tanzania
Karoly,Symones,Male,9512417,Philippines
Clayton,Ghilks,Male,9571847,Philippines
Grata,Aitken,Female,9588399,South Korea
Huntington,Loomes,Male,9629140,Peru
Charlotta,Alphege,Female,9649293,Argentina
Dyanne,Lapworth,Female,9662920,Brazil
Mile,Caldron,Male,9722525,Poland
Karlotta,Lenton,Female,9795061,China
Lulita,Benstead,Female,9851632,Bahamas
Kahlil,Readett,Male,9937297,Russia
Druci,Le febre,Female,9940154,Czech Republic
Leigha,Fleeman,Female,9999475,Czech Republic
Morten,Slowey,Male,10008119,Philippines
Sophi,Flade,Female,10049848,Portugal
Field,Lampard,Male,10090943,Canada
Vance,Conigsby,Male,10146020,Russia
Joey,Hinkins,Male,10151868,Poland
Breanne,Rolls,Female,10275203,Slovenia
Darcee,Sire,Female,10320172,Indonesia
Luelle,Ambroise,Female,10340748,Indonesia
Jedd,Pullinger,Male,10420127,Indonesia
Rem,Fedorski,Male,10442151,Afghanistan
Dora,Willshaw,Female,10476219,China
Kendre,Plues,Female,10497636,Indonesia
Marita,Bellis,Female,10513671,Poland
Vanni,Burnhill,Female,10523452,China
Clim,Garz,Male,10580524,Poland
Caprice,Corsor,Female,10640133,Colombia
Jolee,Kubes,Female,10684734,China
Tessy,Swinfon,Female,10691151,Finland
Wilfred,Hambelton,Male,10720216,France
Nedda,Bisatt,Female,10750436,Indonesia
Darren,Sanbrook,Male,10764351,Portugal
Mattheus,Tomblings,Male,10784610,Indonesia
Evelin,Sheward,Polygender,10853956,China
Hinda,Scutchin,Female,10866575,Indonesia
Che,Pentecost,Male,10955517,Indonesia
Biddie,Becom,Female,11013566,Indonesia
Ferris,Brosh,Male,11027270,Tajikistan
Tedda,Demer,Female,11101073,Indonesia
Jillian,Cleworth,Female,11118790,Afghanistan
Kailey,Kanter,Female,11141558,China
Lemmie,Songust,Male,11168396,Indonesia
Rachelle,Kibbey,Female,11199793,Czech Republic
Julia,Kingdom,Female,11238627,Indonesia
Shelley,Kroch,Female,11256913,South Africa
Jilly,Anthoney,Non-binary,11265403,Ukraine
Carina,Gammidge,Polygender,11350732,Poland
Maighdiln,Cuttin,Female,11378626,Bhutan
Courtnay,Ivie,Female,11389621,Czech Republic
Tamra,Ekell,Female,11440847,Brazil
Gena,Ropkins,Female,11456115,Denmark
Jerrie,Topham,Male,11483919,Indonesia
Yettie,Hulstrom,Female,11552340,Thailand
Chandler,Baston,Male,11556710,China
Ariella,Swalteridge,Female,11598310,Vietnam
Dani,Birchenough,Male,11708973,Indonesia
Granny,Pargetter,Male,11755936,Afghanistan
Caspar,Antoniak,Male,11758424,China
Major,Blampy,Male,11779430,Kazakhstan
Patrice,Varnes,Male,11787057,France
Haskell,Caves,Male,11924053,Philippines
Madelle,Braznell,Female,11967254,Cameroon
Bel,Livett,Female,11973956,Greece
Vilma,Trustram,Female,12009474,Japan
Iggy,Cota,Male,12016927,Russia
Mario,Caneo,Male,12052480,Russia
Carolus,Jaumet,Male,12068362,China
Duff,Cozens,Male,12113452,China
Sasha,Ryman,Male,12167378,China
Silvana,Colling,Female,12177872,Bulgaria
Domenic,Saile,Male,12179542,Indonesia
Siffre,Custy,Male,12183961,Mexico
Germaine,Shilling,Female,12226159,Indonesia
Johny,Ranfield,Male,12245670,Estonia
Morgen,Paulley,Male,12285997,Morocco
Hercule,Allred,Male,12297962,Serbia
Wenonah,Laight,Female,12303996,Indonesia
Mickie,Mancell,Male,12336991,Guatemala
Gayleen,Ollier,Female,12375259,China
Piggy,Halliday,Male,12400383,Syria
Any,Tatlowe,Male,12414591,Iran
Bella,Kleine,Female,12474741,Poland
Heath,Dauney,Genderqueer,12593773,Ukraine
Elisabeth,Kaszper,Female,12655624,United States
Billie,Batham,Non-binary,12772418,Indonesia
Elinore,Caulton,Female,12781599,Armenia
Tansy,Gethin,Female,12784580,Ukraine
Elfrida,O'Sullivan,Female,12791106,China
Ardys,Vannoort,Female,12838216,Palestinian Territory
Isiahi,Tippetts,Male,12841054,Russia
Giacomo,Pizey,Male,13040053,Greece
Iseabal,Shirley,Female,13043749,China
Angele,Madison,Female,13058265,Marshall Islands
Shayla,McCoish,Bigender,13105214,Japan
Ignace,Scoles,Male,13207974,France
Whit,Lovelace,Male,13235003,Serbia
Rhetta,Queyos,Polygender,13313156,Portugal
Agnola,Sygroves,Genderqueer,13365287,Russia
Alberto,Shorto,Male,13378733,Portugal
Dody,Tague,Genderqueer,13413178,Indonesia
Hillel,Gladhill,Male,13422065,Honduras
Ailis,Brawson,Female,13434497,Pakistan
Lindy,Servis,Male,13438010,Philippines
Culver,Gervaise,Male,13464239,Thailand
Richardo,Tromans,Male,13518453,South Korea
Sabra,Davydkov,Female,13521372,Nigeria
Angel,Priter,Male,13654970,Chile
Rodolfo,Fordy,Male,13661490,Russia
Esme,Schistl,Male,13702625,Japan
Boy,Madeley,Male,13766829,Russia
Bay,Maynell,Male,13788900,Peru
Ingar,Sutheran,Male,13803594,Russia
Germana,Pioli,Female,13873725,United States
Trixy,Prowse,Female,13906488,Brazil
Cherry,Artois,Non-binary,13937468,Brazil
Justinn,Kinge,Female,14018832,China
Sunshine,Keir,Female,14121377,Russia
Birch,Fishlee,Male,14131451,China
Dag,Senter,Male,14133995,China
Averell,Holdworth,Male,14157522,China
Bryana,Jacks,Female,14198715,China
Opalina,Stickler,Female,14215992,Russia
Rosabel,Weippert,Female,14256013,France
Auria,Bendel,Female,14288864,Brazil
Sigismundo,Bauser,Male,14312281,Iran
Dulcy,Sponton,Female,14312582,France
Lissi,Lascelles,Female,14342319,Indonesia
Fidelia,MacIlhargy,Female,14354927,China
Thurstan,Varne,Male,14386464,China
Toby,Gaythorpe,Male,14409168,Indonesia
Willette,Stoak,Female,14507610,Philippines
Wallache,Patroni,Male,14542502,Serbia
Bucky,Ciccerale,Male,14555538,Russia
Ally,Oiller,Female,14565345,Finland
Avigdor,Kubiczek,Male,14581260,Netherlands
Grover,de Quesne,Male,14603288,China
Catherina,Fellona,Female,14603507,China
Siffre,Eddington,Male,14734825,Mongolia
Kenon,Lorriman,Male,14776230,China
Bay,Jozefiak,Male,14833311,Central African Republic
Charley,Bute,Male,14840796,Portugal
Panchito,Jaze,Male,14852170,China
Merrilee,Gulliver,Female,14875800,Philippines
Ailene,Baison,Bigender,14939211,Brazil
Hadrian,Hoopper,Male,14976307,Macedonia
Becka,Sloegrave,Genderqueer,14986317,Bhutan
Leslie,Rhyme,Female,14996767,Indonesia
Lanette,Yakhin,Female,15012412,Greece
Colette,Samsworth,Female,15118436,Mongolia
Rozella,Grahame,Female,15133323,Philippines
Andres,Davidde,Male,15146421,Portugal
Sarene,Menguy,Female,15224440,China
Talbot,O'Gleasane,Male,15252606,Brazil
Moritz,Gribbon,Male,15339682,Canada
Collete,Frangleton,Female,15367886,Vietnam
Jasun,Coop,Male,15419807,Zambia
Rusty,McNulty,Male,15455478,Kazakhstan
Ebeneser,Pfeifer,Male,15491603,Indonesia
Philis,Moggle,Female,15511685,Philippines
Enriqueta,Torrese,Female,15554469,Greece
Gage,Domoney,Male,15555080,Portugal
Eddie,Hamblin,Female,15562658,Brazil
Ruthy,Tiddeman,Female,15607868,Albania
Ginger,Rafter,Male,15621870,Brazil
Johanna,Dollman,Female,15645451,Indonesia
Erv,Boynton,Male,15774775,Sweden
Ally,Boundy,Female,15782107,Portugal
Vinny,Ivanaev,Polygender,15807967,Brazil
Dannie,Dwyr,Male,15846627,Palestinian Territory
Shermy,Motto,Male,15857493,Cyprus
Bethany,Bourtoumieux,Female,15974145,Czech Republic
Sandie,Blackler,Bigender,15979287,China
James,Stallard,Male,15987038,Indonesia
Tani,Beamand,Female,16082247,Finland
Nickie,Dufour,Genderqueer,16082912,China
Giordano,Mingaye,Male,16090720,Indonesia
Kettie,Risbridger,Female,16218163,China
Jaquith,Gouck,Female,16275644,China
Jeffry,Trafford,Male,16382480,Netherlands
Koralle,Laugherane,Female,16447940,Indonesia
Clari,Hawthorne,Female,16473736,Indonesia
Idalina,Shekle,Female,16474846,China
Brion,Bransgrove,Male,16520641,Japan
Ivie,Linscott,Female,16565203,Philippines
Margo,Paice,Female,16568366,Colombia
Clem,Turfs,Male,16582560,China
Noell,Blair,Female,16595420,Yemen
Kristofor,Brookzie,Male,16686482,Czech Republic
Pascal,Bennison,Non-binary,16696104,Madagascar
Elvira,Skipsea,Female,16698393,Russia
Lorrin,Ascraft,Female,16707119,Indonesia
Frannie,Walliker,Female,16764627,Portugal
Urbanus,Fredson,Male,16778460,Ivory Coast
Meghann,Bravey,Female,16883495,Canada
Alvinia,Goatman,Non-binary,16926318,Albania
Caralie,Ebunoluwa,Female,16938977,Greece
Clerkclaude,Danhel,Male,17106408,China
Barron,Brannan,Male,17169229,China
Gearard,Kenward,Male,17170325,China
Ilysa,Chrystie,Female,17231571,Guinea
Gil,Stannah,Male,17251059,China
Rolf,Bakey,Male,17288658,Portugal
Ramsey,McAnellye,Male,17316074,Indonesia
Silvana,Tennant,Female,17366235,Argentina
Forbes,Bearns,Male,17375284,Thailand
Irina,Schonfelder,Female,17445712,China
Milzie,Pauel,Female,17446018,Poland
Fey,Cainey,Female,17512838,China
Leann,Heaney,Genderqueer,17601078,Colombia
Orlan,Jerwood,Male,17634102,France
Mattie,Bettesworth,Male,17643573,China
Barnaby,Hoppner,Male,17710208,United States
Mireille,Mattiessen,Female,17740924,China
Stacee,Capun,Female,17763559,United States
Rip,Jerger,Male,17776243,China
Mohandis,Figgess,Male,17784973,China
Rebeca,Shilling,Female,17808736,Poland
Waldemar,Cridlan,Male,17944785,North Korea
Odetta,Sandy,Female,17978722,Poland
Von,Greaves,Bigender,18191566,China
Diego,D'Aubney,Male,18208561,Kazakhstan
Matt,Amber,Male,18214095,South Africa
Margaretha,Marshallsay,Female,18318315,Suriname
Gnni,Yuryaev,Female,18337767,Argentina
Cymbre,Ruggier,Female,18345852,Russia
Conny,Gilson,Male,18377658,Russia
Codi,Dockrill,Male,18391918,Saint Kitts and Nevis
Charley,Kermit,Male,18415099,Gabon
Brittan,Cruxton,Female,18416146,Poland
Morris,Copozio,Male,18456541,China
Deedee,Trattles,Female,18458045,Russia
Trumann,Fergyson,Male,18543475,Kazakhstan
Thaddeus,Earngy,Male,18576822,Brazil
Selinda,Glennon,Female,18780224,Jamaica
Prent,Beachamp,Male,18867752,Indonesia
Wes,Bragger,Male,18868281,Peru
Robert,Paulin,Male,18876602,China
Luce,Hadwen,Male,18904060,China
Pincas,Staining,Male,18904504,South Korea
Barbabra,Syphus,Female,18957806,Indonesia
Cathe,Joliffe,Female,18967288,Brazil
Iolanthe,Lowder,Female,18999672,Guatemala
Ericka,Cassey,Polygender,19000480,Indonesia
Aldous,Carillo,Male,19026877,Indonesia
Alika,Spavins,Female,19052416,Palestinian Territory
Zorana,Mantha,Female,19107624,Japan
Ketti,MacKenny,Female,19191225,Croatia
Osborne,Marzelo,Male,19192759,Brazil
Tabatha,Lissandrini,Female,19197398,Colombia
Curt,Woodfin,Male,19207778,China
Lew,Kem,Male,19338031,Iran
Nicko,Gullen,Genderqueer,19394905,China
Charlene,Biaggetti,Female,19399869,Vietnam
Thaddus,Leblanc,Male,19461144,Zambia
Hale,Arntzen,Genderqueer,19538569,Portugal
Lia,Bromehed,Female,19631143,Philippines
Jilly,Sperling,Female,19644093,China
Julius,Halfhide,Male,19654804,China
Ranice,Le Grand,Female,19661169,United States
Jaynell,De Ferrari,Female,19723859,Philippines
Fredric,McDarmid,Bigender,19799969,Norway
Edie,Filippello,Female,19873429,Portugal
Vannie,Inderwick,Female,19914564,Philippines
Kayley,Hardiker,Female,19966834,China
Gweneth,Sunners,Female,20007085,Czech Republic
Brooke,Hosby,Male,20037078,Czech Republic
Chev,McKinlay,Agender,20128338,Sweden
Shelby,Corwood,Female,20185338,Indonesia
Merline,Mc Corley,Female,20193597,Russia
Noelyn,Gaishson,Female,20207288,United States
Agna,Fruen,Agender,20220445,China
Bartholemy,Latchford,Male,20291957,Argentina
Lorine,Garnson,Female,20307629,Argentina
Astra,Popworth,Female,20344985,Thailand
Joletta,Humphris,Female,20412524,Philippines
Ailene,Dye,Female,20470650,China
Norine,Duce,Female,20471735,Peru
Claudie,Roz,Female,20486117,France
Letti,Lovart,Female,20511096,Lesotho
Jakob,Coverly,Male,20607473,Indonesia
Kacy,Proctor,Genderfluid,20686545,Russia
Bowie,Goldston,Male,20715820,China
Gratiana,Parkes,Female,20729914,Indonesia
Beatriz,Gavrielli,Genderfluid,20851128,Poland
Sigismondo,Gabel,Male,20895868,Afghanistan
Leighton,Reyes,Male,20915971,China
Valle,Aldwick,Male,20933182,Argentina
Maurizio,Sumpter,Male,20955113,Australia
Verney,McClay,Male,20994082,Indonesia
Lib,Spiniello,Female,21020619,Germany
Gianni,Innett,Male,21062302,Indonesia
Iago,Waistall,Non-binary,21081722,Latvia
Pauly,Scutter,Male,21124081,Luxembourg
Ev,Morse,Male,21144850,Sweden
Alvinia,Worsnap,Female,21153561,China
Tannie,McPharlain,Male,21165888,Indonesia
Alonzo,Fashion,Male,21177399,Indonesia
Niall,Pountain,Male,21264809,Russia
Amelita,Bech,Female,21268110,Portugal
Leonardo,Docwra,Male,21290160,Philippines
Ingelbert,Huff,Male,21296911,Indonesia
Vicki,Ashenhurst,Female,21360588,Poland
Gray,Collicott,Female,21372426,Russia
Lynna,Fireman,Female,21374141,Japan
Jarrett,Gebb,Male,21375942,Cameroon
Becka,Ebbotts,Female,21397841,Colombia
Ben,Wimpey,Male,21411376,Malta
Janaye,Ferrero,Female,21446761,Philippines
Guinna,Wemes,Female,21475649,Czech Republic
Larissa,Hedau,Female,21527826,Hungary
Angeli,Ciani,Male,21547031,Philippines
Marcile,Beinisch,Female,21567081,Paraguay
Luelle,Bartlomiejczyk,Female,21609055,Nigeria
Giff,Willimont,Male,21625572,Nigeria
Joya,Tooke,Female,21665459,Brazil
Elaine,McAreavey,Female,21667458,Czech Republic
Baxy,Farquhar,Male,21679260,Japan
Thatch,Anderbrugge,Male,21739869,Philippines
Bail,Phelipeaux,Male,21758560,Canada
Conny,Bignal,Male,21766624,Indonesia
Yuri,Lafflin,Male,21847117,Paraguay
Staffard,Minigo,Male,21859787,Indonesia
Way,Stainbridge,Male,21921948,Philippines
Bab,Ockenden,Female,21990844,Portugal
Jessamine,Dienes,Female,22003562,Russia
Lorrin,Merman,Female,22014683,Norway
Natalina,Cotton,Female,22045146,Poland
Sollie,Jouanet,Male,22047005,Greece
Bernardine,Speechley,Female,22110081,Portugal
Ardith,Martina,Female,22142947,Madagascar
Cindie,McClunaghan,Female,22179564,China
Lucie,Klaiser,Female,22186338,Philippines
Vivien,Fink,Female,22223389,Kazakhstan
Ettie,Iremonger,Polygender,22234192,Brazil
Ian,Luca,Male,22345929,Egypt
Ladonna,Satterthwaite,Female,22359487,Poland
Gerhardine,Brimner,Female,22369130,Indonesia
Katlin,Musker,Female,22380590,Uzbekistan
Harland,Piken,Male,22401477,Czech Republic
Augustina,Hallett,Female,22461504,Bolivia
Dorelle,Worsell,Female,22468367,Belarus
Liana,Drakes,Female,22471140,Brazil
Sheryl,Shallcrass,Female,22476065,Honduras
Frannie,McKechnie,Male,22528595,China
Filippo,Ormond,Bigender,22534972,Colombia
Stanly,Childerhouse,Male,22570001,Brazil
Lydia,Downer,Female,22578909,China
Valentina,Hannis,Female,22585223,China
Rey,Wilkins,Female,22596603,China
Rosemonde,Denver,Female,22610649,China
Franny,Tollfree,Female,22678566,China
Jerrie,Asbery,Female,22748225,Albania
Abelard,Malinowski,Male,22853093,Croatia
Ortensia,Grog,Female,22886126,China
Benjamin,Dracksford,Male,22889190,Russia
Christoph,Mulqueen,Agender,22957143,Uzbekistan
Fernande,Mates,Female,22988242,Dominican Republic
Miller,Brothwell,Male,23028951,Sweden
Jana,Freezer,Female,23037377,China
Sandra,Goublier,Female,23046841,South Africa
Sibyl,Benton,Male,23054359,Norway
Gabby,Wingham,Male,23067390,Colombia
Madel,Whitwood,Female,23183591,Nigeria
Cord,Speedy,Male,23284472,China
Tremaine,Goodlad,Male,23296337,Mauritius
Briney,Kennion,Female,23347274,Peru
Cinnamon,Dance,Female,23421864,Serbia
Sibylla,Koppelmann,Female,23456932,Portugal
Rustin,Dongate,Male,23460288,Brazil
Guinevere,Aldersey,Female,23513464,China
Karon,Elsdon,Female,23549973,Philippines
Giselle,Grinyakin,Female,23583948,Philippines
Natka,Antczak,Female,23588660,China
Vernen,Abramovitz,Male,23626752,Myanmar
Cindra,Stilliard,Female,23631079,Portugal
Alf,Mersey,Male,23681379,Indonesia
Ofella,Apdell,Female,23715649,Poland
Betta,Crosetti,Female,23739941,China
Estell,Howbrook,Female,23769498,Bosnia and Herzegovina
Basil,Willox,Male,23777194,Indonesia
Bettine,Pavlenko,Female,23793329,Portugal
Darnell,Hamley,Male,23811941,Russia
Anderea,Brundale,Bigender,23816473,China
Sharleen,Alentyev,Female,23832455,Indonesia
Thain,Glazyer,Male,23864356,Norway
Taylor,Paice,Male,23874332,Indonesia
Roze,Bullent,Female,23891833,China
Saunders,Oldham,Male,23907975,China
Moira,Howe,Female,23908508,Malawi
Galvin,Carabet,Male,23916141,Pakistan
Alexis,Hutchison,Male,23928375,Indonesia
Amy,Saint,Female,23958449,Indonesia
Vergil,Rolph,Male,23996652,South Korea
Claudine,Ivanitsa,Female,24045331,Colombia
Pinchas,Boydon,Male,24055900,China
Court,Bellfield,Male,24207044,China
Carolyne,Zohrer,Female,24221840,South Korea
Janos,Garmans,Male,24242349,Tanzania
Barbara-anne,Riepel,Female,24269153,Indonesia
Clea,Tattershall,Female,24298664,China
Kimberlee,Bumford,Female,24347954,China
Elisabetta,Lee,Female,24444770,United States
Marwin,Gerler,Male,24528935,Portugal
Lisle,Hovenden,Male,24547388,Indonesia
Symon,Fullicks,Male,24600624,Philippines
Damian,Roskilly,Male,24621958,Venezuela
Vivianne,Matches,Polygender,24691547,France
Sansone,Akeherst,Male,24948955,Peru
Mirella,Grigoletti,Female,24949677,Estonia
Lissy,Jolland,Female,25004771,Argentina
Leelah,Hardistry,Female,25018190,Argentina
Reg,De Hoogh,Male,25030751,Slovenia
Loleta,Lascell,Non-binary,25048883,China
Matthus,Dunthorn,Male,25257862,Philippines
Jordain,Flew,Female,25271035,Czech Republic
Dore,Debow,Female,25306470,China
Gregoire,Spargo,Male,25332043,Cambodia
Ernst,Fedoronko,Male,25459416,Morocco
Othella,McOmish,Female,25487003,China
Hamlen,Brideaux,Male,25531733,Philippines
Kathrine,Eich,Female,25629992,Russia
Sharron,Stonnell,Female,25681926,China
Camey,Forsbey,Genderqueer,25727056,Norway
Catherin,Ferrarini,Female,25817368,Malaysia
Eugene,Filgate,Male,25819181,Russia
Diann,Ferier,Female,25849138,Canada
Truda,Huckett,Female,25901642,Brazil
Wat,Gregg,Male,25931738,Brazil
Darbee,Haslewood,Male,25946249,Sweden
Jelene,Hischke,Female,26050930,Peru
Rickie,Duffy,Male,26114628,Indonesia
Chris,Persian,Female,26119349,Poland
Palm,McAuslene,Male,26121086,Morocco
Rebekah,Tesyro,Female,26143296,China
Leroy,Ziemke,Male,26148375,Philippines
Raphael,Peche,Male,26233897,Tanzania
Emanuel,Plimmer,Male,26299697,Ukraine
Lindy,Coolican,Genderfluid,26324880,China
Arnuad,Milley,Male,26330288,Indonesia
Jerome,Moizer,Agender,26378063,Poland
Bettina,Corps,Female,26396635,Indonesia
Osbert,Jowsey,Male,26410169,China
Janet,Saer,Female,26475531,Poland
Agretha,Moyler,Female,26508187,China
Kasper,Slaten,Male,26516078,Japan
Nicky,Gales,Female,26590823,Ukraine
Laurel,Skylett,Female,26601708,Brazil
Melli,Lukianov,Female,26617817,Indonesia
Nicolea,Wakeford,Female,26631456,China
Aldon,Burnhams,Male,26642911,Indonesia
Fernando,Gerrell,Bigender,26750681,Philippines
Webb,Iuorio,Male,26763964,Serbia
Nari,Young,Female,26776577,Uzbekistan
Broddy,Munnis,Male,26827977,Thailand
Pollyanna,Janse,Female,26857736,Philippines
Joseito,Hemphrey,Male,26871997,China
Ingaborg,Bolf,Female,26915321,Japan
Carmelina,Sauvan,Female,26937917,Indonesia
Elisha,Mendez,Bigender,27030214,China
Fletch,Carncross,Male,27052748,Russia
Jasun,Parzis,Male,27105075,China
Truman,Orr,Male,27111124,China
Lauree,Darch,Genderfluid,27188315,Japan
Nickie,Rosewall,Female,27200304,Sweden
Valencia,Jones,Female,27273286,Venezuela
Brittani,Hammerberger,Female,27311134,Philippines
Perry,Johns,Female,27327196,Japan
Vasily,Kovnot,Male,27338679,Brazil
Stevy,Webley,Male,27449379,Russia
Onfroi,Gerger,Male,27471018,Cameroon
Jephthah,Corp,Male,27504620,Portugal
Brandea,Bineham,Female,27504951,Portugal
Mary,Grayshon,Female,27558891,Thailand
Carr,Billes,Non-binary,27614572,Kazakhstan
Bogey,Oven,Male,27659352,Brazil
Olivia,Zavattari,Female,27667098,United Kingdom
Farah,Worthy,Female,27753364,Poland
Maximo,Prynne,Male,27799338,Argentina
Bryana,Diver,Female,27866522,China
Suzie,Shills,Female,27908779,Indonesia
Wendel,Gyngyll,Genderfluid,27929599,China
Zack,Errington,Male,27938181,Brazil
Rowland,Wiper,Male,27953272,France
Hurlee,Andell,Male,27970240,Russia
Bendicty,Galbraith,Male,28004859,Russia
Bobette,Petcher,Non-binary,28080589,Russia
Sula,Iannetti,Female,28091117,China
Natalya,Duester,Polygender,28133396,Yemen
Valaree,O' Mahony,Polygender,28305213,China
Kiley,Just,Female,28321276,Turkmenistan
Wainwright,Sutterby,Male,28357119,Madagascar
Daile,Vazquez,Female,28363110,Poland
Thaxter,Limpertz,Male,28370693,Ghana
Averill,Ramos,Male,28417678,Russia
Karim,Zorzini,Male,28449202,Russia
Lothaire,Wisdish,Male,28454085,Philippines
Rockie,Fitzsimons,Male,28482709,Indonesia
Adah,Bedson,Female,28525286,Colombia
Ellary,Frow,Male,28547681,China
Kimbell,Nolte,Male,28559113,China
Delia,Hallan,Female,28580322,Sweden
Kelwin,Jerman,Male,28616250,Indonesia
Basia,McGrudder,Female,28626455,Indonesia
Misti,Abrahart,Female,28718637,Indonesia
Cassius,Saylor,Male,28735666,Mauritius
Fletch,McOrkil,Male,28765514,Peru
Kiley,Lucchi,Male,28837670,Indonesia
Rafael,Bollands,Male,28875477,Thailand
Ximenes,Berecloth,Male,28908110,Russia
Marlene,Blacker,Female,28909574,China
Isaak,Molloy,Male,28969265,South Africa
Roselia,Webben,Female,28971280,Czech Republic
Nada,Dudney,Female,28989679,Serbia
Gweneth,Ipgrave,Female,28993687,Brazil
Dennie,Loveitt,Male,29032739,Sweden
Darbie,Friatt,Bigender,29074379,Indonesia
Walton,Pfeffer,Male,29108830,China
Thedric,Livett,Male,29196892,Canada
Chip,Fellona,Male,29209731,Thailand
Frazer,Infantino,Male,29212696,France
Derwin,Syme,Male,29276418,Poland
Ambrosius,Ricketts,Male,29335328,Canada
Gertruda,Lampel,Female,29373568,Vietnam
Janette,Climie,Female,29424968,Philippines
Doe,Savory,Female,29461319,Sri Lanka
Winny,Kellough,Female,29522864,Indonesia
Gena,Rentelll,Female,29560759,Peru
Cecelia,Le Cornu,Female,29592625,Peru
Freddy,Dripp,Female,29677394,China
Ibrahim,Vasiliu,Bigender,29686548,China
Nels,Beale,Male,29694059,China
Edyth,Wloch,Female,29767307,China
Harold,Ruxton,Male,29803203,Nigeria
Athena,Gartside,Female,29893214,China
Bonita,Storah,Female,30006983,Thailand
Vlad,Tye,Male,30032020,Japan
Stephan,Cortnay,Agender,30036164,Morocco
Cly,Elham,Male,30078887,Philippines
Derron,Lean,Male,30105250,Ukraine
Darla,MacEllen,Female,30153178,Norway
Thomasa,Ducket,Polygender,30185627,Portugal
Melessa,Percifer,Female,30201082,France
Ethelind,Allery,Female,30220120,Colombia
Tedman,d'Arcy,Male,30226899,Ecuador
Celestyn,MacGillacolm,Female,30229100,Czech Republic
Damien,Hatrick,Male,30232664,Colombia
Nicoline,Rowcastle,Polygender,30243228,China
Keslie,Smallbone,Female,30372726,Brazil
Jessika,Easterfield,Female,30384235,China
Valerie,Swyer,Female,30392677,Philippines
Evelin,Runchman,Male,30463025,Philippines
Cyndy,Teape,Female,30499114,Brazil
Lothaire,Sandal,Bigender,30571770,Russia
Dagmar,Strathdee,Female,30582718,South Korea
Kean,Sallan,Male,30653935,United States
Stacie,Mance,Female,30660160,Nepal
Leonard,Etherson,Male,30688117,Ethiopia
Zaneta,Galton,Female,30732454,China
Nannie,Gimbart,Agender,30770453,China
Stepha,Drewe,Female,30794255,Russia
Hedwiga,Senter,Female,30834786,Poland
Berty,Mollitt,Male,30847789,Indonesia
Reider,Cuddon,Male,30871417,Russia
Marilin,Sellens,Female,30879183,Philippines
La verne,Weippert,Female,30918890,China
Willabella,O'Hear,Female,30953084,Madagascar
Kara,Twede,Female,31058126,Russia
Ardisj,Camel,Female,31093271,Sweden
Shandeigh,Caston,Female,31103343,China
Claudio,Gocher,Male,31148891,Indonesia
Leodora,Keat,Female,31204764,Brazil
Rhona,Spellard,Female,31254765,Morocco
Vito,Hurst,Male,31257783,Albania
Timmi,Scowcroft,Female,31285081,China
Sherye,Quinevan,Agender,31339169,Czech Republic
Brandise,Spelsbury,Female,31355516,Sweden
Constancy,Temperley,Female,31357587,South Korea
Candida,Froment,Female,31376508,Poland
Delores,Freda,Female,31392966,China
Marguerite,Jeandet,Female,31476098,Finland
Shannon,Valiant,Male,31486719,Nigeria
Nara,Gerckens,Female,31496963,China
Amalita,Ivory,Female,31534329,Philippines
Ivory,Raffeorty,Female,31535751,Sweden
Norrie,Adam,Male,31543785,Vietnam
Geri,Enrigo,Male,31570369,Sweden
Travus,Clow,Male,31664063,Russia
Carroll,Popley,Male,31758754,Mauritius
Gladys,Ritchley,Female,31767782,Czech Republic
Alvis,Smerdon,Male,31773121,Greece
Kirsti,Geraud,Female,31799119,Croatia
Gratia,Lampens,Non-binary,31802305,China
Odelia,Tison,Female,31847110,Indonesia
Lilllie,Donisi,Female,31909863,Portugal
Brande,Casely,Female,31959344,Indonesia
Essa,Burdas,Female,31986927,Indonesia
Gerti,Honack,Female,31993748,Canada
Gaven,Nast,Male,32000401,Pakistan
Janaya,Scotchmur,Genderfluid,32036155,Nigeria
Boothe,Hulls,Male,32041338,Sweden
Joline,Raistrick,Female,32060441,Bosnia and Herzegovina
Maible,Cluer,Female,32087171,Brazil
Shoshanna,Subhan,Female,32089042,Cyprus
Birgit,Byrkmyr,Female,32103561,Poland
Charil,Rosso,Female,32107226,Czech Republic
Sylvia,Perkis,Female,32257756,Norway
Keefer,Schuler,Male,32384008,Sweden
Lind,Mozzini,Female,32470705,China
Tibold,Dymott,Male,32473538,China
Dulciana,Windaybank,Female,32512375,Indonesia
Osgood,Goodliff,Male,32513166,China
Clarabelle,Buntin,Female,32600767,Malaysia
Kasey,Woodsford,Female,32606371,Philippines
Carolee,Cowthart,Female,32666696,Portugal
Arvie,Linnett,Male,32803148,China
Sacha,Hymus,Female,32803272,France
Kayne,Treske,Male,32809637,France
Crystal,Alwin,Female,32850772,Sweden
Demetria,Serotsky,Female,32881214,United States
Jimmy,Pirnie,Male,32892718,Indonesia
Camel,Teal,Female,32903696,Russia
Selby,Astbery,Male,33022324,Nigeria
Guilbert,Sapseed,Male,33036340,Argentina
Grayce,Kennefick,Female,33048336,Mexico
Martica,Winear,Female,33056809,Czech Republic
Avrit,Goosnell,Agender,33065490,China
Phillip,Jojic,Male,33098176,Mexico
Hammad,Purrier,Genderqueer,33155401,Portugal
Cecil,Ondracek,Female,33175440,Czech Republic
Cosetta,Tugwell,Female,33312886,Japan
Hyacinthie,Pecht,Female,33344109,Indonesia
Iver,Brighty,Male,33481162,Bulgaria
Bea,Kellick,Female,33599631,China
Elston,Shiril,Male,33632354,China
Lucy,Harley,Female,33739333,Czech Republic
Rebekah,Follett,Female,33784230,Indonesia
Dannel,Santacrole,Male,33802145,Philippines
Julissa,Ubach,Bigender,33829952,Mexico
Ian,Veart,Male,33849820,Czech Republic
Gail,Destouche,Female,33864884,Russia
Perkin,Haville,Male,33870250,Brazil
Valenka,Escudier,Female,33894882,Indonesia
Shaylynn,Grantham,Female,33915594,Russia
Cassandra,Roo,Agender,33926446,China
Tanhya,Matysiak,Agender,33978412,Sweden
Margit,Trevenu,Genderqueer,33988955,Mongolia
Raymund,Hickin,Polygender,34080478,Argentina
Flss,Keveren,Female,34094218,Russia
Esme,Gorstidge,Female,34102453,Canada
Rice,Indge,Male,34107526,Botswana
Melisandra,Aslam,Female,34127105,Brazil
Saidee,Le Marquand,Female,34127280,Azerbaijan
Nancee,Paule,Female,34127841,Czech Republic
Lizzy,Woodburne,Female,34146250,Russia
Aubine,Manns,Genderqueer,34270920,Indonesia
Fabio,Worral,Male,34332295,Ukraine
Cassie,Lindley,Male,34382197,Serbia
Wandis,Cartmell,Female,34389109,Russia
Freda,Stanhope,Female,34415968,Nicaragua
Bobine,Cicconettii,Female,34433058,Sweden
Honey,Crimin,Female,34436156,Kenya
Derick,Pedrielli,Male,34587561,Pakistan
Powell,Talkington,Male,34602211,China
Finley,Fermin,Genderfluid,34622266,Peru
Dunn,Waller-Bridge,Male,34678822,Marshall Islands
Yalonda,Sallnow,Female,34731773,Brazil
Tremayne,Pigdon,Male,34742996,Portugal
Kirstyn,Favelle,Female,34747400,Indonesia
Marline,Stammer,Female,34759798,Czech Republic
Jasper,Bodycomb,Agender,34831997,Peru
Sonnie,Tebbett,Male,34850290,China
Ada,Sullly,Female,34888494,Palestinian Territory
Clarinda,Klesl,Female,34933767,Costa Rica
Merlina,Moorcroft,Female,34984992,Poland
Vikky,Levinge,Female,34985415,Czech Republic
Marabel,Bruhn,Female,35051096,China
Jodee,Treuge,Female,35101237,China
Myrta,Atheis,Female,35145282,Bolivia
Fonsie,de Broke,Male,35226308,Indonesia
Lusa,Meere,Female,35264739,Czech Republic
Penn,Syddon,Male,35320273,Brazil
Ricki,Berrie,Male,35357351,China
Kameko,Moreinis,Female,35379319,Bulgaria
Trefor,Cow,Male,35439074,China
Anthiathia,Stirland,Female,35446680,Malaysia
David,Sartin,Male,35447119,Kazakhstan
Madeline,Phripp,Female,35466147,China
Shawnee,Poynor,Female,35518003,China
Emilio,Oventon,Male,35616798,China
Larisa,Lawlor,Female,35657572,Thailand
Deloris,Vian,Female,35679940,Philippines
Baudoin,Aguirrezabal,Male,35684888,United States
Brand,Macer,Male,35719704,Ukraine
Ernie,Riepl,Male,35748418,Syria
Corny,Ganiford,Female,35789570,China
Filippo,Dmytryk,Male,35816350,Portugal
Foster,Bohike,Male,35823013,China
Elvin,Town,Male,35940024,Poland
Elisa,Champneys,Female,35949668,Slovenia
April,Coombes,Female,35965331,China
Bradan,Okeshott,Genderfluid,35965487,Philippines
Arabel,Linnard,Female,35971858,Ghana
Austina,McGonnell,Genderqueer,35974716,Philippines
pepe,pepe,Male,1,Venezuela